match_date,fighter_1,fighter_2,moneyline_f1,moneyline_f2,implied_prob_f1,implied_prob_f2,model_prob_f1,model_prob_f2,dratings_prob_f1,dratings_prob_f2,edge_f1,edge_f2,ev_f1,ev_f2,kelly_f1,kelly_f2
2021_04_18,Andrei Arlovski,Chase Sherman,+105,-115,0.477,0.523,0.9131,0.0869,0.438,0.562,0.4361,-0.4361,0.9143,-0.8338,0.2085,0
2021_04_18,Bartosz Fabinski,Gerald Meerschaert,-125,+110,0.5385,0.4615,0.2003,0.7997,0.54,0.46,-0.3382,0.3382,-0.628,0.7327,0,0.157
2021_04_18,Dakota Bush,Austin Hubbard,+190,-200,0.3409,0.6591,0.1231,0.8769,0.407,0.593,-0.2178,0.2178,-0.6389,0.3305,0,0.1597
2021_04_18,Jacob Malkoun,Abdul Razak Alhassan,+250,-285,0.2785,0.7215,0.2749,0.7251,0.169,0.831,-0.0036,0.0036,-0.0129,0.005,0,0.0032
2021_04_18,Jessica Penne,Loopy Godinez,+240,-260,0.2894,0.7106,0.4893,0.5107,0.395,0.605,0.1999,-0.1999,0.6908,-0.2813,0.0703,0
2021_04_18,Juan Espino,Alexandr Romanov,+140,-150,0.4098,0.5902,0.0703,0.9297,0.332,0.668,-0.3395,0.3395,-0.8285,0.5753,0,0.2071
2021_04_18,Justine Kish,Tracy Cortez,+280,-320,0.2567,0.7433,0.1198,0.8802,0.437,0.563,-0.1369,0.1369,-0.5334,0.1842,0,0.1333
2021_04_18,Kelvin Gastelum,Robert Whittaker,+220,-250,0.3043,0.6957,0.0992,0.9008,0.351,0.649,-0.2051,0.2051,-0.6741,0.2949,0,0.1685
2021_04_18,Luis Pena,Alex Munoz,-155,+140,0.5933,0.4067,0.6465,0.3535,0.635,0.365,0.0532,-0.0532,0.0897,-0.1308,0.0327,0
