"﻿""match_date""",fighter_1,fighter_2,fighter_1_win_prob,fighter_2_win_prob
2026_02_08,Alex Morono,Daniil Donchenko,0.124,0.876
2026_02_08,Amir Albazi,Kyoji Horiguchi,0.249,0.751
2026_02_08,Jean Matsumoto,Farid Basharat,0.311,0.689
2026_02_08,Julius Walker,Dustin Jacoby,0.430,0.570
2026_02_08,Ketlen Souza,Bruna Brasil,0.621,0.379
2026_02_08,Marc-Andre Barriault,Michal Oleksiejczuk,0.301,0.699
2026_02_08,Nikolay Veretennikov,Niko Price,0.604,0.396
2026_02_08,Rizvan Kuniev,Jailton Almeida,0.388,0.612
2026_02_08,Vinicius Oliveira,Mario Bautista,0.430,0.570
